[{"pk": 2, "model": "core.collection", "fields": {"identifier": "AIS.1970.05", "name": "AIS.1970.05"}}, {"pk": 3, "model": "core.collection", "fields": {"identifier": "AIS.1971.05", "name": "AIS.1971.05"}}, {"pk": 1, "model": "core.collection", "fields": {"identifier": "AIS.2006.06", "name": "AIS.2006.06"}}, {"pk": 1, "model": "core.digital_collection", "fields": {"identifier": "hpicasc", "name": "hpicasc"}}, {"pk": 1, "model": "core.batch", "fields": {"identifier": "", "name": "", "description": null}}, {"pk": 4, "model": "core.batch", "fields": {"identifier": "200606", "name": "200606", "description": null}}, {"pk": 5, "model": "core.batch", "fields": {"identifier": "200904", "name": "200904", "description": null}}, {"pk": 7, "model": "core.batch", "fields": {"identifier": "200910", "name": "200910", "description": null}}, {"pk": 9, "model": "core.batch", "fields": {"identifier": "201001", "name": "201001", "description": null}}, {"pk": 10, "model": "core.batch", "fields": {"identifier": "201002", "name": "201002", "description": null}}, {"pk": 11, "model": "core.batch", "fields": {"identifier": "201026", "name": "201026", "description": null}}, {"pk": 8, "model": "core.batch", "fields": {"identifier": "201031", "name": "201031", "description": null}}, {"pk": 12, "model": "core.batch", "fields": {"identifier": "ASC Batch 12", "name": "ASC Batch 12", "description": null}}, {"pk": 6, "model": "core.batch", "fields": {"identifier": "ASC Batch 2", "name": "ASC Batch 2", "description": null}}, {"pk": 2, "model": "core.batch", "fields": {"identifier": "ASC Batch 4", "name": "ASC Batch 4", "description": null}}, {"pk": 3, "model": "core.batch", "fields": {"identifier": "ASC Batch 8", "name": "ASC Batch 8", "description": null}}, {"pk": 1, "model": "core.format", "fields": {"name": ""}}, {"pk": 4, "model": "core.format", "fields": {"name": "4x5 Silver Gelatin Print"}}, {"pk": 3, "model": "core.format", "fields": {"name": "5x7 Gelatin Silver Print"}}, {"pk": 5, "model": "core.format", "fields": {"name": "5x7 Glass Plate Negative"}}, {"pk": 8, "model": "core.format", "fields": {"name": "5x7 Safety Negative"}}, {"pk": 7, "model": "core.format", "fields": {"name": "6 1/2 x 8 1/2 Glass Plate Negative"}}, {"pk": 2, "model": "core.format", "fields": {"name": "8x10 Gelatin Silver Print"}}, {"pk": 6, "model": "core.format", "fields": {"name": "8x10 Glass Plate Negative"}}, {"pk": 10, "model": "core.location", "fields": {"name": "Beechview"}}, {"pk": 11, "model": "core.location", "fields": {"name": "Brookline"}}, {"pk": 2, "model": "core.location", "fields": {"name": "Charleston, WV"}}, {"pk": 4, "model": "core.location", "fields": {"name": "Downtown"}}, {"pk": 6, "model": "core.location", "fields": {"name": "Duquesne Heights"}}, {"pk": 5, "model": "core.location", "fields": {"name": "Hill District"}}, {"pk": 1, "model": "core.location", "fields": {"name": "Newark, NJ"}}, {"pk": 12, "model": "core.location", "fields": {"name": "Overbrook"}}, {"pk": 3, "model": "core.location", "fields": {"name": "Pittsburgh"}}, {"pk": 9, "model": "core.location", "fields": {"name": "Shaler Township"}}, {"pk": 8, "model": "core.location", "fields": {"name": "Southside"}}, {"pk": 7, "model": "core.location", "fields": {"name": "Squirrel Hill"}}, {"pk": 2, "model": "core.creator", "fields": {"type": null, "name": "Kingsley Association"}}, {"pk": 3, "model": "core.creator", "fields": {"type": null, "name": "Kingsley Association/Miss Chips"}}, {"pk": 4, "model": "core.creator", "fields": {"type": null, "name": "Pittsburgh City Photographer"}}, {"pk": 1, "model": "core.creator", "fields": {"type": null, "name": "Rust Engineering Company"}}, {"pk": 1, "model": "core.item", "fields": {"display_date": null, "creator": 1, "normalized_date": "1929", "scanning_status": "Scanned", "copyright_notes": null, "copyright_holder": null, "digital_notes": "", "subject": "Bridges--New Jersey--Newark--design and construction.; Bridges--New Jersey--Newark--Foundations and piers.; Portable engines--New Jersey--Newark; Construction workers--New Jersey--Newark. ", "title": "Building a Bridge: Pouring the Foundation", "digital_collection": 1, "location": 1, "date_digitized": "", "type": "image", "publication_status": "unknown", "description": "A Clinton concrete mixer truck pours concrete into carts, which are wheeled to a wooden mold, or form.  Workers pour the concrete into the form and smooth and pack it with wooden paddles.  The concrete is part of the foundation of the bridge. ", "format": 1, "copyright_status": "unknown", "timestamp": "", "image_name": "200606.81.3.2.thumb.jpg", "collection": 1, "date_revised": "200710mm", "digitized_date": "", "address": "", "date_added": "3/20/2012 13:13:43", "ordering_information": "http://www.library.pitt.edu/services/requests/photo.html", "rights": "http://www.library.pitt.edu/libraries/archives/policies/guidelines.html", "notes": "", "processing_status": "Online", "batch": 1, "identifier": "200606.81.3.2", "image_number": "81.3.2", "completed_by": "CP"}}, {"pk": 2, "model": "core.item", "fields": {"display_date": null, "creator": 1, "normalized_date": "1929-08-14", "scanning_status": "Scanned", "copyright_notes": null, "copyright_holder": null, "digital_notes": "", "subject": "Bridges--New Jersey--Newark--design and construction.; Bridges--New Jersey--Newark--Foundations and piers.; Portable engines--New Jersey--Newark; Construction workers--New Jersey--Newark. ", "title": "Building a Bridge: Structure", "digital_collection": 1, "location": 1, "date_digitized": "", "type": "image", "publication_status": "unknown", "description": "The steel structure of the bridge is held together with rivets. It will be covered and reinforced with concrete. ", "format": 1, "copyright_status": "unknown", "timestamp": "", "image_name": "200606.81.3.4.thumb.jpg", "collection": 1, "date_revised": "200710mm", "digitized_date": "", "address": "", "date_added": "3/20/2012 13:13:43", "ordering_information": "http://www.library.pitt.edu/services/requests/photo.html", "rights": "http://www.library.pitt.edu/libraries/archives/policies/guidelines.html", "notes": "", "processing_status": "Online", "batch": 1, "identifier": "200606.81.3.4", "image_number": "81.3.4", "completed_by": "CP"}}, {"pk": 3, "model": "core.item", "fields": {"display_date": null, "creator": 1, "normalized_date": "1925", "scanning_status": "Scanned", "copyright_notes": null, "copyright_holder": null, "digital_notes": "", "subject": "Oldsmobile automobile; Peerless automobile; Automobile dealers; Automobile showrooms--Pennsylvania--Pittsburgh.; Gasoline pumps", "title": "Dawley Garage", "digital_collection": 1, "location": 2, "date_digitized": "", "type": "image", "publication_status": "unknown", "description": "Two men look down from the roof of the Dawley Motor Company garage, which advertises new Peerless, Velie, and Oldsmobile cars.  The building was constructed by the Rust Engineering Company.", "format": 1, "copyright_status": "unknown", "timestamp": "", "image_name": "200606.81.5.thumb.jpg", "collection": 1, "date_revised": "200710mm", "digitized_date": "", "address": "", "date_added": "3/20/2012 13:13:43", "ordering_information": "http://www.library.pitt.edu/services/requests/photo.html", "rights": "http://www.library.pitt.edu/libraries/archives/policies/guidelines.html", "notes": "", "processing_status": "Online", "batch": 1, "identifier": "200606.81.5", "image_number": "81.5", "completed_by": "CP"}}, {"pk": 4, "model": "core.item", "fields": {"display_date": null, "creator": 1, "normalized_date": "1917", "scanning_status": "Scanned", "copyright_notes": null, "copyright_holder": null, "digital_notes": "", "subject": "Farmers Bank Building (Pittsburgh Pa.); Telephone operators; Telephone switchboards; Women employees--Pennsylvania--Pittsburgh", "title": "Telephone Operator", "digital_collection": 1, "location": 3, "date_digitized": "", "type": "image", "publication_status": "unknown", "description": "Anna Madden, telephone operator for the Rust Engineering Company, directs calls from her switchboard at the Farmers Bank Building. ", "format": 1, "copyright_status": "unknown", "timestamp": "", "image_name": "200606.82.11.1.thumb.jpg", "collection": 1, "date_revised": "200710mm", "digitized_date": "", "address": "", "date_added": "3/20/2012 13:13:43", "ordering_information": "http://www.library.pitt.edu/services/requests/photo.html", "rights": "http://www.library.pitt.edu/libraries/archives/policies/guidelines.html", "notes": "", "processing_status": "Online", "batch": 1, "identifier": "200606.82.11.1", "image_number": "82.11.1", "completed_by": "CP"}}, {"pk": 5, "model": "core.item", "fields": {"display_date": null, "creator": 1, "normalized_date": "1917", "scanning_status": "Scanned", "copyright_notes": null, "copyright_holder": null, "digital_notes": "", "subject": "Farmers Bank Building (Pittsburgh Pa.); Engineers--Pennsylvania--Pittsburgh.; Offices--Pennsylvania--Pittsburgh.; Drafters--Pennsylvania--Pittsburgh.; Drafting and industrial drawings--Pennsylvania--Pittsburgh.; Downtown (Pittsburgh, Pa.)", "title": "Rust Engineering\u2019s First Pittsburgh Office", "digital_collection": 1, "location": 4, "date_digitized": "", "type": "image", "publication_status": "unknown", "description": "An early picture of the Rust Engineering Company\u2019s first Pittsburgh office, located in the Farmers Bank Building. To the left, Ellsworth Marshall Rust (standing), one of the company\u2019s three founders, discusses a drawing with engineer J. G. Mingle.  Four men work at drafting tables to prepare other drawings and blueprints. It is likely that they are working on boiler and chimney jobs \u2013 the company\u2019s main specialties at the time. ", "format": 1, "copyright_status": "unknown", "timestamp": "", "image_name": "200606.82.11.2.thumb.jpg", "collection": 1, "date_revised": "200710mm", "digitized_date": "", "address": "", "date_added": "3/20/2012 13:13:43", "ordering_information": "http://www.library.pitt.edu/services/requests/photo.html", "rights": "http://www.library.pitt.edu/libraries/archives/policies/guidelines.html", "notes": "", "processing_status": "Online", "batch": 1, "identifier": "200606.82.11.2", "image_number": "82.11.2", "completed_by": "CP"}}, {"pk": 6, "model": "core.item", "fields": {"display_date": null, "creator": 1, "normalized_date": "1917", "scanning_status": "Scanned", "copyright_notes": null, "copyright_holder": null, "digital_notes": "", "subject": "Farmers Bank Building (Pittsburgh Pa.); Offices--Pennsylvania--Pittsburgh.; Office equipment and supplies--Pennsylvania--Pittsburgh.; Office furniture--Pennsylvania--Pittsburgh.; Women employees--Pennsylvania--Pittsburgh.; Downtown (Pittsburgh, Pa.)", "title": "Mr. Wetzel and Mrs. Freeman", "digital_collection": 1, "location": 4, "date_digitized": "", "type": "image", "publication_status": "unknown", "description": "Rust Engineering employees Mr. Wetzel and Mrs. Freeman at work in the company\u2019s office, located in the Farmers Bank Building. ", "format": 1, "copyright_status": "unknown", "timestamp": "", "image_name": "200606.82.11.3.thumb.jpg", "collection": 1, "date_revised": "200710mm", "digitized_date": "", "address": "", "date_added": "3/20/2012 13:13:43", "ordering_information": "http://www.library.pitt.edu/services/requests/photo.html", "rights": "http://www.library.pitt.edu/libraries/archives/policies/guidelines.html", "notes": "", "processing_status": "Online", "batch": 1, "identifier": "200606.82.11.3", "image_number": "82.11.3", "completed_by": "CP"}}, {"pk": 7, "model": "core.item", "fields": {"display_date": null, "creator": 1, "normalized_date": "1917", "scanning_status": "Scanned", "copyright_notes": null, "copyright_holder": null, "digital_notes": "", "subject": "Farmers Bank Building (Pittsburgh Pa.); Offices--Pennsylvania\u2014Pittsburgh.; Women employees\u2014Pennsylvania--Pittsburgh.; Downtown (Pittsburgh, Pa.)", "title": "C.S. Embrey and Anna Madden", "digital_collection": 1, "location": 4, "date_digitized": "", "type": "image", "publication_status": "unknown", "description": "C.S. Embrey, a clerk for Rust Engineering, speaks with Anna Madden in the Rust Engineering office, located in the Farmers Bank Building. ", "format": 1, "copyright_status": "unknown", "timestamp": "", "image_name": "200606.82.11.4.thumb.jpg", "collection": 1, "date_revised": "200710mm", "digitized_date": "", "address": "", "date_added": "3/20/2012 13:13:43", "ordering_information": "http://www.library.pitt.edu/services/requests/photo.html", "rights": "http://www.library.pitt.edu/libraries/archives/policies/guidelines.html", "notes": "", "processing_status": "Online", "batch": 1, "identifier": "200606.82.11.4", "image_number": "82.11.4", "completed_by": "CP"}}, {"pk": 8, "model": "core.item", "fields": {"display_date": null, "creator": 1, "normalized_date": "1917", "scanning_status": "Scanned", "copyright_notes": null, "copyright_holder": null, "digital_notes": "", "subject": "Farmers Bank Building (Pittsburgh Pa.); Offices--Pennsylvania\u2014Pittsburgh.; Women employees\u2014Pennsylvania--Pittsburgh.; Downtown (Pittsburgh, Pa.)", "title": "At the Office", "digital_collection": 1, "location": 4, "date_digitized": "", "type": "image", "publication_status": "unknown", "description": "Chief Engineer Arthur Barnes (left) speaks with R.W.  Felix at the Rust Engineering Company\u2019s Pittsburgh Office, located in the Farmers Bank Building. ", "format": 1, "copyright_status": "unknown", "timestamp": "", "image_name": "200606.82.11.5.thumb.jpg", "collection": 1, "date_revised": "200710mm", "digitized_date": "", "address": "", "date_added": "3/20/2012 13:13:43", "ordering_information": "http://www.library.pitt.edu/services/requests/photo.html", "rights": "http://www.library.pitt.edu/libraries/archives/policies/guidelines.html", "notes": "", "processing_status": "Online", "batch": 1, "identifier": "200606.82.11.5", "image_number": "82.11.5", "completed_by": "CP"}}, {"pk": 9, "model": "core.item", "fields": {"display_date": null, "creator": 1, "normalized_date": "1917", "scanning_status": "Scanned", "copyright_notes": null, "copyright_holder": null, "digital_notes": "", "subject": "Farmers Bank Building (Pittsburgh Pa.); Offices--Pennsylvania--Pittsburgh.; Typewriters--Pennsylvania--Pittsburgh.; Women employees--Pennsylvania--Pittsburgh.; Downtown (Pittsburgh, Pa.)", "title": "Typing", "digital_collection": 1, "location": 4, "date_digitized": "", "type": "image", "publication_status": "unknown", "description": "An employee of Rust Engineering works at a typewriter in the Farmers Bank Building. ", "format": 1, "copyright_status": "unknown", "timestamp": "", "image_name": "200606.82.11.6.thumb.jpg", "collection": 1, "date_revised": "200710mm", "digitized_date": "", "address": "", "date_added": "3/20/2012 13:13:43", "ordering_information": "http://www.library.pitt.edu/services/requests/photo.html", "rights": "http://www.library.pitt.edu/libraries/archives/policies/guidelines.html", "notes": "", "processing_status": "Online", "batch": 1, "identifier": "200606.82.11.6", "image_number": "82.11.6", "completed_by": "CP"}}, {"pk": 10, "model": "core.item", "fields": {"display_date": null, "creator": 2, "normalized_date": "1930", "scanning_status": "Scanned", "copyright_notes": null, "copyright_holder": null, "digital_notes": "6.5MB, 600ppi, RGB,100%,Crop, Levels,Unsharp Mask", "subject": "Hill District (Pittsburgh, Pa.); Arcena Street (Pittsburgh, Pa.); Dwellings--Pennsylvania--Pittsburgh.", "title": "Houses", "digital_collection": 1, "location": 5, "date_digitized": "11-07-2003", "type": "image", "publication_status": "unknown", "description": "A view looking at houses on Arcena Street.", "format": 2, "copyright_status": "unknown", "timestamp": "", "image_name": "0246ka.thumb.jpg", "collection": 2, "date_revised": "", "digitized_date": "11/7/2003 0:00:00", "address": "Arcena Street", "date_added": "3/20/2012 13:13:43", "ordering_information": "http://www.library.pitt.edu/services/requests/photo.html", "rights": "http://www.library.pitt.edu/libraries/archives/policies/guidelines.html", "notes": "", "processing_status": "Online", "batch": 2, "identifier": "705.0246KA", "image_number": "02-46", "completed_by": ""}}, {"pk": 11, "model": "core.item", "fields": {"display_date": null, "creator": 2, "normalized_date": "1929", "scanning_status": "Scanned", "copyright_notes": null, "copyright_holder": null, "digital_notes": "6.5MB, 600ppi, RGB,100%,Crop, Levels,Unsharp Mask", "subject": "Hill District (Pittsburgh, Pa.); Alleys--Pennsylvania--Pittsburgh.; Our Alley (Pittsburgh, Pa.); Baskets--Pennsylvania--Pittsburgh.", "title": "Our Alley", "digital_collection": 1, "location": 5, "date_digitized": "11-07-2003", "type": "image", "publication_status": "unknown", "description": "Looking down Our Alley at a man with a basket.", "format": 2, "copyright_status": "unknown", "timestamp": "", "image_name": "0250ka.thumb.jpg", "collection": 2, "date_revised": "", "digitized_date": "11/7/2003 0:00:00", "address": "Our Alley", "date_added": "3/20/2012 13:13:43", "ordering_information": "http://www.library.pitt.edu/services/requests/photo.html", "rights": "http://www.library.pitt.edu/libraries/archives/policies/guidelines.html", "notes": "", "processing_status": "Online", "batch": 2, "identifier": "705.0250KA", "image_number": "02-50", "completed_by": ""}}, {"pk": 12, "model": "core.item", "fields": {"display_date": null, "creator": 2, "normalized_date": "1900/1928", "scanning_status": "Scanned", "copyright_notes": null, "copyright_holder": null, "digital_notes": "6.1MB, 600ppi, RGB,100%,Crop, Levels,Unsharp Mask", "subject": "Pittsburgh (Pa.); Boys--Pennsylvania--Pittsburgh.; Snow--Pennsylvania--Pittsburgh.", "title": "Wintertime", "digital_collection": 1, "location": 3, "date_digitized": "05-26-2004", "type": "image", "publication_status": "unknown", "description": "Two boy sit in a snow bank.", "format": 3, "copyright_status": "unknown", "timestamp": "", "image_name": "0255ka.thumb.jpg", "collection": 2, "date_revised": "", "digitized_date": "5/26/2004 0:00:00", "address": "Unknown", "date_added": "3/20/2012 13:13:43", "ordering_information": "http://www.library.pitt.edu/services/requests/photo.html", "rights": "http://www.library.pitt.edu/libraries/archives/policies/guidelines.html", "notes": "", "processing_status": "Online", "batch": 3, "identifier": "705.0255.KA", "image_number": "02-55", "completed_by": ""}}, {"pk": 13, "model": "core.item", "fields": {"display_date": null, "creator": 2, "normalized_date": "1900/1928", "scanning_status": "Scanned", "copyright_notes": null, "copyright_holder": null, "digital_notes": "6MB, 600ppi, RGB,100%,Crop, Levels,Unsharp Mask", "subject": "Pittsburgh (Pa.); Children--Pennsylvania--Pittsburgh.; Poverty--Pennsylvania--Pittsburgh.; Laundry--Pennsylvania--Pittsburgh.", "title": "Impoverished Children", "digital_collection": 1, "location": 3, "date_digitized": "05-26-2004", "type": "image", "publication_status": "unknown", "description": "A view of children and two adults gathered outside.", "format": 2, "copyright_status": "unknown", "timestamp": "", "image_name": "0257ka.thumb.jpg", "collection": 2, "date_revised": "", "digitized_date": "5/26/2004 0:00:00", "address": "Unknown", "date_added": "3/20/2012 13:13:43", "ordering_information": "http://www.library.pitt.edu/services/requests/photo.html", "rights": "http://www.library.pitt.edu/libraries/archives/policies/guidelines.html", "notes": "", "processing_status": "Online", "batch": 3, "identifier": "705.0257.KA", "image_number": "02-57", "completed_by": ""}}, {"pk": 14, "model": "core.item", "fields": {"display_date": null, "creator": 2, "normalized_date": "1910/1920", "scanning_status": "Scanned", "copyright_notes": null, "copyright_holder": null, "digital_notes": "6.2MB, 600ppi, RGB,100%,Crop, Levels,Unsharp Mask", "subject": "Pittsburgh (Pa.); Refuse and refuse disposal--Pennsylvania--Pittsburgh.; Quality of life--Pennsylvania--Pittsburgh.", "title": "Rubbish", "digital_collection": 1, "location": 3, "date_digitized": "11-07-2003", "type": "image", "publication_status": "unknown", "description": "Pile of garbage on an unidentified street.", "format": 3, "copyright_status": "unknown", "timestamp": "", "image_name": "0260ka.thumb.jpg", "collection": 2, "date_revised": "", "digitized_date": "11/7/2003 0:00:00", "address": "Unknown", "date_added": "3/20/2012 13:13:43", "ordering_information": "http://www.library.pitt.edu/services/requests/photo.html", "rights": "http://www.library.pitt.edu/libraries/archives/policies/guidelines.html", "notes": "", "processing_status": "Online", "batch": 2, "identifier": "705.0260.KA", "image_number": "02-60", "completed_by": ""}}, {"pk": 15, "model": "core.item", "fields": {"display_date": null, "creator": 2, "normalized_date": "1930", "scanning_status": "Scanned", "copyright_notes": null, "copyright_holder": null, "digital_notes": "6.5MB, 600ppi, RGB,100%,Crop, Levels,Unsharp Mask", "subject": "Hill District (Pittsburgh, Pa.); Dwellings--Pennsylvania--Pittsburgh.; Arcena Street (Pittsburgh, Pa.); Bigelow Boulevard.", "title": "Houses Along Bigelow", "digital_collection": 1, "location": 5, "date_digitized": "11-07-2003", "type": "image", "publication_status": "unknown", "description": "A view of houses along Arcena Street, above Bigelow Boulevard.", "format": 2, "copyright_status": "unknown", "timestamp": "", "image_name": "0262ka.thumb.jpg", "collection": 2, "date_revised": "", "digitized_date": "11/7/2003 0:00:00", "address": "Arcena Street", "date_added": "3/20/2012 13:13:43", "ordering_information": "http://www.library.pitt.edu/services/requests/photo.html", "rights": "http://www.library.pitt.edu/libraries/archives/policies/guidelines.html", "notes": "", "processing_status": "Online", "batch": 2, "identifier": "705.0262.KA", "image_number": "02-62", "completed_by": ""}}, {"pk": 16, "model": "core.item", "fields": {"display_date": null, "creator": 2, "normalized_date": "1900/1906", "scanning_status": "Scanned", "copyright_notes": null, "copyright_holder": null, "digital_notes": "", "subject": "Pittsburgh (Pa.); Children--Pennsylvania--Pittsburgh.; Poverty--Pennsylvania--Pittsburgh.", "title": "Newsies", "digital_collection": 1, "location": 3, "date_digitized": "", "type": "image", "publication_status": "unknown", "description": "Three children, two carrying newspapers,  pose for the camera.", "format": 1, "copyright_status": "unknown", "timestamp": "", "image_name": "0263ka.thumb.jpg", "collection": 2, "date_revised": "", "digitized_date": "", "address": "Unknown", "date_added": "3/20/2012 13:13:43", "ordering_information": "http://www.library.pitt.edu/services/requests/photo.html", "rights": "http://www.library.pitt.edu/libraries/archives/policies/guidelines.html", "notes": "", "processing_status": "Online", "batch": 4, "identifier": "705.0263.KA", "image_number": "", "completed_by": ""}}, {"pk": 17, "model": "core.item", "fields": {"display_date": null, "creator": 2, "normalized_date": "1900/1928", "scanning_status": "Scanned", "copyright_notes": null, "copyright_holder": null, "digital_notes": "6.2MB, 600ppi, RGB,200%,Crop, Levels,Unsharp Mask", "subject": "Pittsburgh (Pa.); Men--Pennsylvania--Pittsburgh.; Poverty--Pennsylvania--Pittsburgh.", "title": "Three Men", "digital_collection": 1, "location": 3, "date_digitized": "05-26-2004", "type": "image", "publication_status": "unknown", "description": "Three men stand outside, near a shack.", "format": 4, "copyright_status": "unknown", "timestamp": "", "image_name": "0265ka.thumb.jpg", "collection": 2, "date_revised": "", "digitized_date": "5/26/2004 0:00:00", "address": "Unknown", "date_added": "3/20/2012 13:13:43", "ordering_information": "http://www.library.pitt.edu/services/requests/photo.html", "rights": "http://www.library.pitt.edu/libraries/archives/policies/guidelines.html", "notes": "", "processing_status": "Online", "batch": 3, "identifier": "705.0265.KA", "image_number": "02-65", "completed_by": ""}}, {"pk": 18, "model": "core.item", "fields": {"display_date": null, "creator": 3, "normalized_date": "1955", "scanning_status": "Scanned", "copyright_notes": null, "copyright_holder": null, "digital_notes": "7MB, 600ppi, RGB,100%,Crop, Levels,Unsharp Mask", "subject": "Pittsburgh (Pa.); Social settlements--Pennsylvania--Pittsburgh.; Kingsley Association (Pittsburgh, Pa.); Nurses--Pennsylvania--Pittsburgh.; Children--Pennsylvania--Pittsburgh.", "title": "Nurse and Children", "digital_collection": 1, "location": 3, "date_digitized": "11-05-2003", "type": "image", "publication_status": "unknown", "description": "Nurse assisting children in the bathroom.", "format": 2, "copyright_status": "unknown", "timestamp": "", "image_name": "02a03ka.thumb.jpg", "collection": 2, "date_revised": "", "digitized_date": "11/5/2003 0:00:00", "address": "Unknown", "date_added": "3/20/2012 13:13:43", "ordering_information": "http://www.library.pitt.edu/services/requests/photo.html", "rights": "http://www.library.pitt.edu/libraries/archives/policies/guidelines.html", "notes": "", "processing_status": "Online", "batch": 2, "identifier": "705.02A03.KA", "image_number": "02A-03", "completed_by": ""}}, {"pk": 19, "model": "core.item", "fields": {"display_date": null, "creator": 2, "normalized_date": "1910/1920", "scanning_status": "Scanned", "copyright_notes": null, "copyright_holder": null, "digital_notes": "", "subject": "Hill District (Pittsburgh, Pa.); Children--Pennsylvania--Pittsburgh.; Montooth Mansion (Pittsburgh, Pa.); Kingsley Association (Pittsburgh, Pa.); Bedford Avenue (Pittsburgh, Pa.); Fullerton Avenue (Pittsburgh, Pa.); Children--Pennsylvania--Pittsburgh.; Soc", "title": "Christmas Party", "digital_collection": 1, "location": 5, "date_digitized": "", "type": "image", "publication_status": "unknown", "description": "A view of children attending a Christmas party at the Montooth Mansion. The mansion, located at Bedford and Fullerton Avenues in the Hills District was donated to the Kingsley Association by Henry Clay Frick in an effort to help with the expansion of the organization.", "format": 1, "copyright_status": "unknown", "timestamp": "", "image_name": "0301ka.thumb.jpg", "collection": 2, "date_revised": "", "digitized_date": "", "address": "Bedford Avenue and Fullerton Avenue", "date_added": "3/20/2012 13:13:43", "ordering_information": "http://www.library.pitt.edu/services/requests/photo.html", "rights": "http://www.library.pitt.edu/libraries/archives/policies/guidelines.html", "notes": "", "processing_status": "Online", "batch": 4, "identifier": "705.0301.KA", "image_number": "", "completed_by": ""}}, {"pk": 20, "model": "core.item", "fields": {"display_date": null, "creator": 2, "normalized_date": "1900/1915", "scanning_status": "Scanned", "copyright_notes": null, "copyright_holder": null, "digital_notes": "", "subject": "Hill District (Pittsburgh, Pa.); Women--Pennsylvania--Pittsburgh.; Montooth Mansion (Pittsburgh, Pa.); Kingsley Association (Pittsburgh, Pa.); Bedford Avenue (Pittsburgh, Pa.); Fullerton Avenue (Pittsburgh, Pa.)", "title": "Sewing Ladies", "digital_collection": 1, "location": 5, "date_digitized": "", "type": "image", "publication_status": "unknown", "description": "A view of ladies practicing their sewing at the Montooth Mansion. The mansion, located at Bedford and Fullerton Avenues in the Hills District was donated to the Kingsley Association by Henry Clay Frick in an effort to help with the expansion of the organization.", "format": 1, "copyright_status": "unknown", "timestamp": "", "image_name": "0308ka.thumb.jpg", "collection": 2, "date_revised": "", "digitized_date": "", "address": "Bedford Avenue and Fullerton Avenue", "date_added": "3/20/2012 13:13:43", "ordering_information": "http://www.library.pitt.edu/services/requests/photo.html", "rights": "http://www.library.pitt.edu/libraries/archives/policies/guidelines.html", "notes": "", "processing_status": "Online", "batch": 4, "identifier": "705.0308.KA", "image_number": "", "completed_by": ""}}, {"pk": 21, "model": "core.item", "fields": {"display_date": null, "creator": 4, "normalized_date": "1908-03-17", "scanning_status": "Scanned", "copyright_notes": null, "copyright_holder": null, "digital_notes": "", "subject": "Streets--Pennsylvania--Pittsburgh.; Dwellings--Pennsylvania--Pittsburgh.; Augusta Street (Pittsburgh, Pa.).; Duquesne Heights (Pittsburgh, Pa.).", "title": "Augusta Street from Well Alley", "digital_collection": 1, "location": 6, "date_digitized": "", "type": "image", "publication_status": "unknown", "description": "View of intersection of Augusta Street and Well Alley, looking south.", "format": 5, "copyright_status": "unknown", "timestamp": "", "image_name": "20090313-cp-0072.thumb.jpg", "collection": 3, "date_revised": "200908DR", "digitized_date": "", "address": "Augusta Street", "date_added": "3/20/2012 13:13:43", "ordering_information": "http://www.library.pitt.edu/services/requests/photo.html", "rights": "http://www.library.pitt.edu/libraries/archives/policies/guidelines.html", "notes": "", "processing_status": "Online", "batch": 5, "identifier": "715.08696.CP", "image_number": "08-696", "completed_by": "ED"}}, {"pk": 22, "model": "core.item", "fields": {"display_date": null, "creator": 4, "normalized_date": "1908-03-17", "scanning_status": "Scanned", "copyright_notes": null, "copyright_holder": null, "digital_notes": "", "subject": "Streets--Pennsylvania--Pittsburgh.; Dwellings--Pennsylvania--Pittsburgh.; Children--Pennsylvania--Pittsburgh.; Augusta Street (Pittsburgh, Pa.).; Grandview Avenue (Pittsburgh, Pa.).; Duquesne Heights (Pittsburgh, Pa.).", "title": "Augusta Street from Grandview Avenue", "digital_collection": 1, "location": 6, "date_digitized": "", "type": "image", "publication_status": "unknown", "description": "View of Augusta Street from Grandview Avenue, looking south.", "format": 5, "copyright_status": "unknown", "timestamp": "", "image_name": "20090313-cp-0073.thumb.jpg", "collection": 3, "date_revised": "200908DR", "digitized_date": "", "address": "Augusta Street", "date_added": "3/20/2012 13:13:43", "ordering_information": "http://www.library.pitt.edu/services/requests/photo.html", "rights": "http://www.library.pitt.edu/libraries/archives/policies/guidelines.html", "notes": "", "processing_status": "Online", "batch": 5, "identifier": "715.08698.CP", "image_number": "08-698", "completed_by": "ED"}}, {"pk": 23, "model": "core.item", "fields": {"display_date": null, "creator": 4, "normalized_date": "1908-03-21", "scanning_status": "Scanned", "copyright_notes": null, "copyright_holder": null, "digital_notes": "", "subject": "Parks--Pennsylvania--Pittsburgh.; Bridges--Pennsylvania--Pittsburgh.; Blue collar workers--Pennsylvania--Pittsburgh.; Panther Hollow (Pittsburgh, Pa.).; Schenley Park (Pittsburgh, Pa.).; Oakland (Pittsburgh, Pa.).", "title": "Grading Little Panther Hollow", "digital_collection": 1, "location": 7, "date_digitized": "", "type": "image", "publication_status": "unknown", "description": "View of men working on the sub grade of the bridge path on the north side of Little Panther Hollow.", "format": 6, "copyright_status": "unknown", "timestamp": "", "image_name": "20090313-cp-0074.thumb.jpg", "collection": 3, "date_revised": "200908DR", "digitized_date": "", "address": "Schenley Park", "date_added": "3/20/2012 13:13:43", "ordering_information": "http://www.library.pitt.edu/services/requests/photo.html", "rights": "http://www.library.pitt.edu/libraries/archives/policies/guidelines.html", "notes": "", "processing_status": "Online", "batch": 5, "identifier": "715.08699.CP", "image_number": "08-699", "completed_by": "ED"}}, {"pk": 24, "model": "core.item", "fields": {"display_date": null, "creator": 4, "normalized_date": "1908-03-21", "scanning_status": "Scanned", "copyright_notes": null, "copyright_holder": null, "digital_notes": "", "subject": "Parks--Pennsylvania--Pittsburgh.; Bridges--Pennsylvania--Pittsburgh.; Blue collar workers--Pennsylvania--Pittsburgh.; Panther Hollow (Pittsburgh, Pa.).; Schenley Park (Pittsburgh, Pa.).; Oakland (Pittsburgh, Pa.).", "title": "Grading Little Panther Hollow", "digital_collection": 1, "location": 7, "date_digitized": "", "type": "image", "publication_status": "unknown", "description": "View of men working on the rock cut on the north side of Little Panther Hollow, between Stations 19, 75, 21 and 50.", "format": 6, "copyright_status": "unknown", "timestamp": "", "image_name": "20090313-cp-0075.thumb.jpg", "collection": 3, "date_revised": "200908DR", "digitized_date": "", "address": "Schenley Park", "date_added": "3/20/2012 13:13:43", "ordering_information": "http://www.library.pitt.edu/services/requests/photo.html", "rights": "http://www.library.pitt.edu/libraries/archives/policies/guidelines.html", "notes": "", "processing_status": "Online", "batch": 5, "identifier": "715.08700.CP", "image_number": "08-700", "completed_by": "ED"}}, {"pk": 25, "model": "core.item", "fields": {"display_date": null, "creator": 4, "normalized_date": "1908-03-21", "scanning_status": "Scanned", "copyright_notes": null, "copyright_holder": null, "digital_notes": "", "subject": "Parks--Pennsylvania--Pittsburgh.; Bridges--Pennsylvania--Pittsburgh.; Blue collar workers--Pennsylvania--Pittsburgh.; Panther Hollow (Pittsburgh, Pa.).; Schenley Park (Pittsburgh, Pa.).; Oakland (Pittsburgh, Pa.).", "title": "Panther Hollow Run", "digital_collection": 1, "location": 7, "date_digitized": "", "type": "image", "publication_status": "unknown", "description": "Change in bed of Panther Hollow Run, opposite Station 30+00 of Panther Hollow bridle path.", "format": 6, "copyright_status": "unknown", "timestamp": "", "image_name": "20090313-cp-0076.thumb.jpg", "collection": 3, "date_revised": "200908DR", "digitized_date": "", "address": "Schenley Park", "date_added": "3/20/2012 13:13:43", "ordering_information": "http://www.library.pitt.edu/services/requests/photo.html", "rights": "http://www.library.pitt.edu/libraries/archives/policies/guidelines.html", "notes": "", "processing_status": "Online", "batch": 5, "identifier": "715.08701.CP", "image_number": "08-701", "completed_by": "ED"}}, {"pk": 26, "model": "core.item", "fields": {"display_date": null, "creator": 4, "normalized_date": "1908-03-21", "scanning_status": "Scanned", "copyright_notes": null, "copyright_holder": null, "digital_notes": "", "subject": "Parks--Pennsylvania--Pittsburgh.; Bridges--Pennsylvania--Pittsburgh.; Blue collar workers--Pennsylvania--Pittsburgh.; Panther Hollow (Pittsburgh, Pa.).; Schenley Park (Pittsburgh, Pa.).; Oakland (Pittsburgh, Pa.).", "title": "Bridle Path in Panther Hollow", "digital_collection": 1, "location": 7, "date_digitized": "", "type": "image", "publication_status": "unknown", "description": "View of the sub grade of the bridle path in Panther Hollow station 25+00 to station 27+00.", "format": 6, "copyright_status": "unknown", "timestamp": "", "image_name": "20090313-cp-0077.thumb.jpg", "collection": 3, "date_revised": "200908DR", "digitized_date": "", "address": "Schenley Park", "date_added": "3/20/2012 13:13:43", "ordering_information": "http://www.library.pitt.edu/services/requests/photo.html", "rights": "http://www.library.pitt.edu/libraries/archives/policies/guidelines.html", "notes": "", "processing_status": "Online", "batch": 5, "identifier": "715.08702.CP", "image_number": "08-702", "completed_by": "ED"}}, {"pk": 27, "model": "core.item", "fields": {"display_date": null, "creator": 4, "normalized_date": "1908-03-21", "scanning_status": "Scanned", "copyright_notes": null, "copyright_holder": null, "digital_notes": "", "subject": "Parks--Pennsylvania--Pittsburgh.; Blue collar workers--Pennsylvania--Pittsburgh.; Panther Hollow (Pittsburgh, Pa.).; Schenley Park (Pittsburgh, Pa.).; Oakland (Pittsburgh, Pa.).", "title": "Mouth of Little Panther Hollow", "digital_collection": 1, "location": 7, "date_digitized": "", "type": "image", "publication_status": "unknown", "description": "View of the mouth of Little Panther Hollow showing sub grade of bridle path on south side.", "format": 6, "copyright_status": "unknown", "timestamp": "", "image_name": "20090313-cp-0078.thumb.jpg", "collection": 3, "date_revised": "200908DR", "digitized_date": "", "address": "Schenley Park", "date_added": "3/20/2012 13:13:43", "ordering_information": "http://www.library.pitt.edu/services/requests/photo.html", "rights": "http://www.library.pitt.edu/libraries/archives/policies/guidelines.html", "notes": "", "processing_status": "Online", "batch": 5, "identifier": "715.08703.CP", "image_number": "08-703", "completed_by": "ED"}}, {"pk": 28, "model": "core.item", "fields": {"display_date": null, "creator": 4, "normalized_date": "1908-03-21", "scanning_status": "Scanned", "copyright_notes": null, "copyright_holder": null, "digital_notes": "", "subject": "Parks--Pennsylvania--Pittsburgh.; Bridges--Pennsylvania--Pittsburgh.; Panther Hollow (Pittsburgh, Pa.).; Schenley Park (Pittsburgh, Pa.).; Squirrel Hill (Pittsburgh, Pa.).", "title": "Bridle Path in Panther Hollow", "digital_collection": 1, "location": 7, "date_digitized": "", "type": "image", "publication_status": "unknown", "description": "A view of the north side of the Panther Hollow Bridge. The current bridge was constructed in 1897 by engineer Henry B. Rust.  In 1890, a temporary bridge was constructed across Junction Hollow. The Schenley Bridge replaced this in 1897 and still stands. The bridge is about 120 feet at its highest point and a total of about 620 feet long (including the longest elevated ramp).", "format": 6, "copyright_status": "unknown", "timestamp": "", "image_name": "08704cp.thumb.jpg", "collection": 3, "date_revised": "200908DR", "digitized_date": "", "address": "Schenley Park", "date_added": "3/20/2012 13:13:43", "ordering_information": "http://www.library.pitt.edu/services/requests/photo.html", "rights": "http://www.library.pitt.edu/libraries/archives/policies/guidelines.html", "notes": "", "processing_status": "Online", "batch": 5, "identifier": "715.08704.CP", "image_number": "08-704", "completed_by": ""}}, {"pk": 29, "model": "core.item", "fields": {"display_date": null, "creator": 4, "normalized_date": "1908-03-24", "scanning_status": "Scanned", "copyright_notes": null, "copyright_holder": null, "digital_notes": "", "subject": "Streets--Pennsylvania--Pittsburgh.; Street-railroad tracks--Pennsylvania--Pittsburgh.; Buildings--Pennsylvania--Pittsburgh.; Horse-drawn vehicles--Pennsylvania--Pittsburgh.; Pedestrians--Pennsylvania--Pittsburgh.; Webster Avenue (Pittsburgh, Pa.).; Grant Boulevard (Pittsburgh, Pa.).; Sixth Avenue (Pittsburgh, Pa.).; Downtown (Pittsburgh, Pa.).", "title": "Webster Avenue and Grant Boulevard", "digital_collection": 1, "location": 4, "date_digitized": "", "type": "image", "publication_status": "unknown", "description": "View of the intersection of Webster Avenue and Grant Boulevard looking toward Sixth Avenue.", "format": 5, "copyright_status": "unknown", "timestamp": "", "image_name": "20090313-cp-0080.thumb.jpg", "collection": 3, "date_revised": "200908DR", "digitized_date": "", "address": "Webster Avenue", "date_added": "3/20/2012 13:13:43", "ordering_information": "http://www.library.pitt.edu/services/requests/photo.html", "rights": "http://www.library.pitt.edu/libraries/archives/policies/guidelines.html", "notes": "", "processing_status": "Online", "batch": 5, "identifier": "715.08705.CP", "image_number": "08-705", "completed_by": "ED"}}, {"pk": 30, "model": "core.item", "fields": {"display_date": null, "creator": 4, "normalized_date": "1911-12-13", "scanning_status": "Scanned", "copyright_notes": null, "copyright_holder": null, "digital_notes": "5.6MB, 600ppi, RGB,100%,Crop, Levels,Unsharp Mask", "subject": "Downtown (Pittsburgh, Pa.); Bridges--Pennsylvania--Pittsburgh.; Smithfield Street Bridge (Pittsburgh, Pa.)", "title": "Smithfield Street Bridge", "digital_collection": 1, "location": 4, "date_digitized": "08-29-2003", "type": "image", "publication_status": "unknown", "description": "View of the north approach of Smithfield Street Bridge, looking south and showing railroad employees and the Ohio Passenger Station for the Rochester & Pittsburgh Railway.", "format": 5, "copyright_status": "unknown", "timestamp": "", "image_name": "112492cp.thumb.jpg", "collection": 3, "date_revised": "201001MM", "digitized_date": "8/29/2003 0:00:00", "address": "Smithfield Street", "date_added": "3/20/2012 13:13:43", "ordering_information": "http://www.library.pitt.edu/services/requests/photo.html", "rights": "http://www.library.pitt.edu/libraries/archives/policies/guidelines.html", "notes": "", "processing_status": "Online", "batch": 6, "identifier": "715.112492.CP", "image_number": "11-2492", "completed_by": ""}}, {"pk": 31, "model": "core.item", "fields": {"display_date": null, "creator": 4, "normalized_date": "1911-12-30", "scanning_status": "Scanned", "copyright_notes": null, "copyright_holder": null, "digital_notes": "", "subject": "Underground utility lines--Pennsylvania--Pittsburgh--Maintenance and repair.; Downtown (Pittsburgh, Pa.).", "title": "Try Street Sewer Cable Vault", "digital_collection": 1, "location": 4, "date_digitized": "", "type": "image", "publication_status": "unknown", "description": "Cable vault from an old cable street railway in the Try Street Sewer.", "format": 5, "copyright_status": "unknown", "timestamp": "", "image_name": "20090624-cp-0094.thumb.jpg", "collection": 3, "date_revised": "201005DR", "digitized_date": "", "address": "Unknown", "date_added": "3/20/2012 13:13:43", "ordering_information": "http://www.library.pitt.edu/services/requests/photo.html", "rights": "http://www.library.pitt.edu/libraries/archives/policies/guidelines.html", "notes": "", "processing_status": "Online", "batch": 7, "identifier": "715.112493.CP", "image_number": "11-2493", "completed_by": "RG"}}, {"pk": 32, "model": "core.item", "fields": {"display_date": null, "creator": 4, "normalized_date": "1911-04-06", "scanning_status": "Scanned", "copyright_notes": null, "copyright_holder": null, "digital_notes": "", "subject": "", "title": "Mission Street Pumping Station", "digital_collection": 1, "location": 8, "date_digitized": "", "type": "image", "publication_status": "unknown", "description": "A view pf the north and west walls of the engine room at the Mission Street Pumping Station.", "format": 5, "copyright_status": "unknown", "timestamp": "", "image_name": "20120111-hpicasc-0157.thumb.jpg", "collection": 3, "date_revised": "", "digitized_date": "2/27/2012 0:00:00", "address": "Mission Street Pumping Station", "date_added": "", "ordering_information": "http://www.library.pitt.edu/services/requests/photo.html", "rights": "http://www.library.pitt.edu/libraries/archives/policies/guidelines.html", "notes": "0157", "processing_status": "Ready to be Online", "batch": 8, "identifier": "715.112640.CP", "image_number": "11-2640", "completed_by": "KM"}}, {"pk": 33, "model": "core.item", "fields": {"display_date": null, "creator": 4, "normalized_date": "1913-04-23", "scanning_status": "Scanned", "copyright_notes": null, "copyright_holder": null, "digital_notes": "", "subject": "Streets--Pennsylvania--Pittsburgh--Maintenance and repair.; Commercial buildings--Pennsylvania--Pittsburgh.; Pedestrians--Pennsylvania--Pittsburgh.; Sixth Avenue (Pittsburgh, Pa.).; Downtown (Pittsburgh, Pa.).", "title": "Sixth Avenue Hump Cut", "digital_collection": 1, "location": 4, "date_digitized": "", "type": "image", "publication_status": "unknown", "description": "View of construction along Sixth Avenue during the hump removal project, looking from Ross Street to Wylie Avenue. Numerous storefronts are visible, including New York Restaurant and Holland House. The \"hump\" cut took place in the downtown area known as Grant's Hill. The project began with planning in 1909 and ended with the final cut in 1913. It changed the gradient of Grant Street, Diamond Street, and Oliver, Fifth, Sixth, Webster and Wylie Avenues. Please see Frederick Law Olmstead, Pittsburgh Main Thoroughfares and the Down Town District: http://digital.library.pitt.edu/cgi-bin/t/text/text-idx?c=pitttext&view=toc&idno=00aep1324m for more information.", "format": 5, "copyright_status": "unknown", "timestamp": "", "image_name": "20090914-cp-0425.thumb.jpg", "collection": 3, "date_revised": "201009DR", "digitized_date": "", "address": "Sixth Avenue", "date_added": "3/20/2012 13:13:43", "ordering_information": "http://www.library.pitt.edu/services/requests/photo.html", "rights": "http://www.library.pitt.edu/libraries/archives/policies/guidelines.html", "notes": "", "processing_status": "Online", "batch": 9, "identifier": "715.133312.CP", "image_number": "13-3312", "completed_by": "AB"}}, {"pk": 34, "model": "core.item", "fields": {"display_date": null, "creator": 4, "normalized_date": "1913-04-23", "scanning_status": "Scanned", "copyright_notes": null, "copyright_holder": null, "digital_notes": "", "subject": "Streets--Pennsylvania--Pittsburgh--Maintenance and repair.; Blue collar workers--Pennsylvania--Pittsburgh.; Municipal buildings--Pennsylvania--Pittsburgh.; Commercial buildings--Pennsylvania--Pittsburgh.; Street lighting--Pennsylvania--Pittsburgh.; Horse-drawn vehicles--Pennsylvania--Pittsburgh.; Pedestrians--Pennsylvania--Pittsburgh.; Allegheny County Courthouse and Jail (Pittsburgh, Pa.).; Ross Street (Pittsburgh, Pa.).; Downtown (Pittsburgh, Pa.).", "title": "Ross Street Hump Cut", "digital_collection": 1, "location": 4, "date_digitized": "", "type": "image", "publication_status": "unknown", "description": "View of construction along Ross Street during the hump removal project, looking from Diamond Street to Fifth Avenue. The Courthouse is shown on the left and the Jail is on the right. The \"hump\" cut took place in the downtown area known as Grant's Hill. The project began with planning in 1909 and ended with the final cut in 1913. It changed the gradient of Grant Street, Diamond Street, and Oliver, Fifth, Sixth, Webster and Wylie Avenues. Please see Frederick Law Olmstead, Pittsburgh Main Thoroughfares and the Down Town District: http://digital.library.pitt.edu/cgi-bin/t/text/text-idx?c=pitttext&view=toc&idno=00aep1324m for more information.", "format": 5, "copyright_status": "unknown", "timestamp": "", "image_name": "20090914-cp-0426.thumb.jpg", "collection": 3, "date_revised": "201009DR", "digitized_date": "", "address": "Ross Street", "date_added": "3/20/2012 13:13:43", "ordering_information": "http://www.library.pitt.edu/services/requests/photo.html", "rights": "http://www.library.pitt.edu/libraries/archives/policies/guidelines.html", "notes": "", "processing_status": "Online", "batch": 9, "identifier": "715.133313.CP", "image_number": "13-3313", "completed_by": "AB"}}, {"pk": 35, "model": "core.item", "fields": {"display_date": null, "creator": 4, "normalized_date": "1913-04-23", "scanning_status": "Scanned", "copyright_notes": null, "copyright_holder": null, "digital_notes": "", "subject": "Streets--Pennsylvania--Pittsburgh--Maintenance and repair.; Blue collar workers--Pennsylvania--Pittsburgh.; Municipal buildings--Pennsylvania--Pittsburgh.; Commercial buildings--Pennsylvania--Pittsburgh.; Pedestrians--Pennsylvania--Pittsburgh.; Allegheny County Courthouse and Jail (Pittsburgh, Pa.).; Diamond Street (Pittsburgh, Pa.).; Downtown (Pittsburgh, Pa.).", "title": "Diamond Street Hump Cut", "digital_collection": 1, "location": 4, "date_digitized": "", "type": "image", "publication_status": "unknown", "description": "View of construction along Diamond Street during the hump removal project, looking from Ross Street to Grant Street. The Courthouse is shown on the right. The \"hump\" cut took place in the downtown area known as Grant's Hill. The project began with planning in 1909 and ended with the final cut in 1913. It changed the gradient of Grant Street, Diamond Street, and Oliver, Fifth, Sixth, Webster and Wylie Avenues. Please see Frederick Law Olmstead, Pittsburgh Main Thoroughfares and the Down Town District: http://digital.library.pitt.edu/cgi-bin/t/text/text-idx?c=pitttext&view=toc&idno=00aep1324m for more information.", "format": 5, "copyright_status": "unknown", "timestamp": "", "image_name": "20090914-cp-0427.thumb.jpg", "collection": 3, "date_revised": "201009DR", "digitized_date": "", "address": "Diamond Street", "date_added": "3/20/2012 13:13:43", "ordering_information": "http://www.library.pitt.edu/services/requests/photo.html", "rights": "http://www.library.pitt.edu/libraries/archives/policies/guidelines.html", "notes": "", "processing_status": "Online", "batch": 9, "identifier": "715.133314.CP", "image_number": "13-3314", "completed_by": "AB"}}, {"pk": 36, "model": "core.item", "fields": {"display_date": null, "creator": 4, "normalized_date": "1913-04-23", "scanning_status": "Scanned", "copyright_notes": null, "copyright_holder": null, "digital_notes": "", "subject": "Streets--Pennsylvania--Pittsburgh--Maintenance and repair.; Blue collar workers--Pennsylvania--Pittsburgh.; Commercial buildings--Pennsylvania--Pittsburgh.; Road rollers--Pennsylvania--Pittsburgh.; Pedestrians--Pennsylvania--Pittsburgh.; Grant Street (Pittsburgh, Pa.).; Downtown (Pittsburgh, Pa.).", "title": "Grant Street Hump Cut", "digital_collection": 1, "location": 4, "date_digitized": "", "type": "image", "publication_status": "unknown", "description": "View of construction along Grant Street during the hump removal project, looking from Fourth Avenue to Fifth Avenue. The \"hump\" cut took place in the downtown area known as Grant's Hill. The project began with planning in 1909 and ended with the final cut in 1913. It changed the gradient of Grant Street, Diamond Street, and Oliver, Fifth, Sixth, Webster and Wylie Avenues. Please see Frederick Law Olmstead, Pittsburgh Main Thoroughfares and the Down Town District: http://digital.library.pitt.edu/cgi-bin/t/text/text-idx?c=pitttext&view=toc&idno=00aep1324m for more information.", "format": 5, "copyright_status": "unknown", "timestamp": "", "image_name": "20090914-cp-0428.thumb.jpg", "collection": 3, "date_revised": "201009DR", "digitized_date": "", "address": "Grant Street", "date_added": "3/20/2012 13:13:43", "ordering_information": "http://www.library.pitt.edu/services/requests/photo.html", "rights": "http://www.library.pitt.edu/libraries/archives/policies/guidelines.html", "notes": "", "processing_status": "Online", "batch": 9, "identifier": "715.133315.CP", "image_number": "13-3315", "completed_by": "AB"}}, {"pk": 37, "model": "core.item", "fields": {"display_date": null, "creator": 4, "normalized_date": "1913-04-23", "scanning_status": "Scanned", "copyright_notes": null, "copyright_holder": null, "digital_notes": "", "subject": "Streets--Pennsylvania--Pittsburgh--Maintenance and repair.; Blue collar workers--Pennsylvania--Pittsburgh.; Railroad tracks--Pennsylvania--Pittsburgh.; Commercial buildings--Pennsylvania--Pittsburgh.; Railroad bridges--Pennsylvania--Pittsburgh.; Second Avenue (Pittsburgh, Pa.).; Downtown (Pittsburgh, Pa.).", "title": "Second Avenue Improvements", "digital_collection": 1, "location": 4, "date_digitized": "", "type": "image", "publication_status": "unknown", "description": "View of improvements being made to Second Avenue during the hump removal project, looking from Ross Street to Try Way. The \"hump\" cut took place in the downtown area known as Grant's Hill. The project began with planning in 1909 and ended with the final cut in 1913. It changed the gradient of Grant Street, Diamond Street, and Oliver, Fifth, Sixth, Webster and Wylie Avenues. Please see Frederick Law Olmstead, Pittsburgh Main Thoroughfares and the Down Town District: http://digital.library.pitt.edu/cgi-bin/t/text/text-idx?c=pitttext&view=toc&idno=00aep1324m for more information.", "format": 5, "copyright_status": "unknown", "timestamp": "", "image_name": "20090914-cp-0429.thumb.jpg", "collection": 3, "date_revised": "201009DR", "digitized_date": "", "address": "Second Avenue", "date_added": "3/20/2012 13:13:43", "ordering_information": "http://www.library.pitt.edu/services/requests/photo.html", "rights": "http://www.library.pitt.edu/libraries/archives/policies/guidelines.html", "notes": "", "processing_status": "Online", "batch": 9, "identifier": "715.133316.CP", "image_number": "13-3316", "completed_by": "AB"}}, {"pk": 38, "model": "core.item", "fields": {"display_date": null, "creator": 4, "normalized_date": "1913-04-23", "scanning_status": "Scanned", "copyright_notes": null, "copyright_holder": null, "digital_notes": "", "subject": "Streets--Pennsylvania--Pittsburgh--Maintenance and repair.; Blue collar workers--Pennsylvania--Pittsburgh.; Railroad tracks--Pennsylvania--Pittsburgh.; Commercial buildings--Pennsylvania--Pittsburgh.; Railroad bridges--Pennsylvania--Pittsburgh.; Second Avenue (Pittsburgh, Pa.).; Downtown (Pittsburgh, Pa.).", "title": "Second Avenue Improvements", "digital_collection": 1, "location": 4, "date_digitized": "", "type": "image", "publication_status": "unknown", "description": "View of improvements made to Second Avenue during the hump removal project, looking from Gas Street to Ross Street. The \"hump\" cut took place in the downtown area known as Grant's Hill. The project began with planning in 1909 and ended with the final cut in 1913. It changed the gradient of Grant Street, Diamond Street, and Oliver, Fifth, Sixth, Webster and Wylie Avenues. Please see Frederick Law Olmstead, Pittsburgh Main Thoroughfares and the Down Town District: http://digital.library.pitt.edu/cgi-bin/t/text/text-idx?c=pitttext&view=toc&idno=00aep1324m for more information.", "format": 5, "copyright_status": "unknown", "timestamp": "", "image_name": "20090914-cp-0430.thumb.jpg", "collection": 3, "date_revised": "201009DR", "digitized_date": "", "address": "Second Avenue", "date_added": "3/20/2012 13:13:43", "ordering_information": "http://www.library.pitt.edu/services/requests/photo.html", "rights": "http://www.library.pitt.edu/libraries/archives/policies/guidelines.html", "notes": "", "processing_status": "Online", "batch": 9, "identifier": "715.133317.CP", "image_number": "13-3317", "completed_by": "AB"}}, {"pk": 39, "model": "core.item", "fields": {"display_date": null, "creator": 4, "normalized_date": "1913-04-23", "scanning_status": "Scanned", "copyright_notes": null, "copyright_holder": null, "digital_notes": "", "subject": "Streets--Pennsylvania--Pittsburgh--Maintenance and repair.; Blue collar workers--Pennsylvania--Pittsburgh.; Railroad tracks--Pennsylvania--Pittsburgh.; Commercial buildings--Pennsylvania--Pittsburgh.; Horse-drawn vehicles--Pennsylvania--Pittsburgh.; Retaining walls--Pennsylvania--Pittsburgh--Design and construction.; Second Avenue (Pittsburgh, Pa.).; Downtown (Pittsburgh, Pa.).", "title": "Second Avenue Improvements", "digital_collection": 1, "location": 4, "date_digitized": "", "type": "image", "publication_status": "unknown", "description": "View of improvements made to Second Avenue during the hump removal project, looking from Gas Street to Brewery Street. The \"hump\" cut took place in the downtown area known as Grant's Hill. The project began with planning in 1909 and ended with the final cut in 1913. It changed the gradient of Grant Street, Diamond Street, and Oliver, Fifth, Sixth, Webster and Wylie Avenues. Please see Frederick Law Olmstead, Pittsburgh Main Thoroughfares and the Down Town District: http://digital.library.pitt.edu/cgi-bin/t/text/text-idx?c=pitttext&view=toc&idno=00aep1324m for more information.", "format": 5, "copyright_status": "unknown", "timestamp": "", "image_name": "20090914-cp-0431.thumb.jpg", "collection": 3, "date_revised": "201009DR", "digitized_date": "", "address": "Second Avenue", "date_added": "3/20/2012 13:13:43", "ordering_information": "http://www.library.pitt.edu/services/requests/photo.html", "rights": "http://www.library.pitt.edu/libraries/archives/policies/guidelines.html", "notes": "", "processing_status": "Online", "batch": 9, "identifier": "715.133318.CP", "image_number": "13-3318", "completed_by": "AB"}}, {"pk": 40, "model": "core.item", "fields": {"display_date": null, "creator": 4, "normalized_date": "1913-08-01", "scanning_status": "Scanned", "copyright_notes": null, "copyright_holder": null, "digital_notes": "", "subject": "Waterworks--Pennsylvania--Shaler (Township)--Design and construction.; Dwellings--Pennsylvania--Shaler (Township).; Blue collar workers--Pennsylvania--Shaler (Township).; Shaler (Pa. : Township).", "title": "Lanpher Reservoir", "digital_collection": 1, "location": 9, "date_digitized": "", "type": "image", "publication_status": "unknown", "description": "View of two men posing in the outlet of the east basin to the gate house in Lanpher Reservoir.", "format": 7, "copyright_status": "unknown", "timestamp": "", "image_name": "20091020-cp-0152.thumb.jpg", "collection": 3, "date_revised": "201010DR", "digitized_date": "1/14/2010 0:00:00", "address": "Lanpher Reservoir [North Side Reservoir]", "date_added": "3/20/2012 13:13:43", "ordering_information": "http://www.library.pitt.edu/services/requests/photo.html", "rights": "http://www.library.pitt.edu/libraries/archives/policies/guidelines.html", "notes": "", "processing_status": "Online", "batch": 10, "identifier": "715.133318A.CP", "image_number": "13-3318A", "completed_by": "ES"}}, {"pk": 41, "model": "core.item", "fields": {"display_date": null, "creator": 4, "normalized_date": "1913-04-29", "scanning_status": "Scanned", "copyright_notes": null, "copyright_holder": null, "digital_notes": "", "subject": "Streets--Pennsylvania--Pittsburgh--Maintenance and repair.; Dwellings--Pennsylvania--Pittsburgh.; Street lighting--Pennsylvania--Pittsburgh.; Rockland Avenue (Pittsburgh, Pa.).; Beechview (Pittsburgh, Pa.).", "title": "Rockland Avenue", "digital_collection": 1, "location": 10, "date_digitized": "", "type": "image", "publication_status": "unknown", "description": "View of an unpaved Rockland Avenue, looking north from Hampshire Avenue.", "format": 5, "copyright_status": "unknown", "timestamp": "", "image_name": "20090914-cp-0432.thumb.jpg", "collection": 3, "date_revised": "201009DR", "digitized_date": "", "address": "Rockland Avenue", "date_added": "3/20/2012 13:13:43", "ordering_information": "http://www.library.pitt.edu/services/requests/photo.html", "rights": "http://www.library.pitt.edu/libraries/archives/policies/guidelines.html", "notes": "", "processing_status": "Online", "batch": 9, "identifier": "715.133319.CP", "image_number": "13-3319", "completed_by": "AB"}}, {"pk": 42, "model": "core.item", "fields": {"display_date": null, "creator": 4, "normalized_date": "1913-08-01", "scanning_status": "Scanned", "copyright_notes": null, "copyright_holder": null, "digital_notes": "", "subject": "Waterworks--Pennsylvania--Shaler (Township)--Design and construction.; Dwellings--Pennsylvania--Shaler (Township).; Steam shovels--Pennsylvania--Shaler (Township).; Shaler (Pa. : Township).", "title": "Lanpher Reservoir", "digital_collection": 1, "location": 9, "date_digitized": "", "type": "image", "publication_status": "unknown", "description": "View of a steam shovel in the west basin of Lanpher Reservoir, near the center embankment.", "format": 7, "copyright_status": "unknown", "timestamp": "", "image_name": "20091020-cp-0153.thumb.jpg", "collection": 3, "date_revised": "201010DR", "digitized_date": "1/14/2010 0:00:00", "address": "Lanpher Reservoir [North Side Reservoir]", "date_added": "3/20/2012 13:13:43", "ordering_information": "http://www.library.pitt.edu/services/requests/photo.html", "rights": "http://www.library.pitt.edu/libraries/archives/policies/guidelines.html", "notes": "", "processing_status": "Online", "batch": 10, "identifier": "715.133319A.CP", "image_number": "13-3319A", "completed_by": "ES"}}, {"pk": 43, "model": "core.item", "fields": {"display_date": null, "creator": 4, "normalized_date": "1913-04-29", "scanning_status": "Scanned", "copyright_notes": null, "copyright_holder": null, "digital_notes": "", "subject": "Streets--Pennsylvania--Pittsburgh--Maintenance and repair.; Dwellings--Pennsylvania--Pittsburgh.; Blue collar workers--Pennsylvania--Pittsburgh.; Rockland Avenue (Pittsburgh, Pa.).; Beechview (Pittsburgh, Pa.).", "title": "Rockland Avenue", "digital_collection": 1, "location": 10, "date_digitized": "", "type": "image", "publication_status": "unknown", "description": "View of Rockland Avenue from about 400 feet past the intersection with Hampshire Street, looking north.", "format": 5, "copyright_status": "unknown", "timestamp": "", "image_name": "20090914-cp-0433.thumb.jpg", "collection": 3, "date_revised": "201009DR", "digitized_date": "", "address": "Rockland Avenue", "date_added": "3/20/2012 13:13:43", "ordering_information": "http://www.library.pitt.edu/services/requests/photo.html", "rights": "http://www.library.pitt.edu/libraries/archives/policies/guidelines.html", "notes": "", "processing_status": "Online", "batch": 9, "identifier": "715.133320.CP", "image_number": "13-3320", "completed_by": "AB"}}, {"pk": 44, "model": "core.item", "fields": {"display_date": null, "creator": 4, "normalized_date": "1924-10-07", "scanning_status": "Scanned", "copyright_notes": null, "copyright_holder": null, "digital_notes": "", "subject": "", "title": "Berkshire Avenue", "digital_collection": 1, "location": 11, "date_digitized": "", "type": "image", "publication_status": "unknown", "description": "A view of conditions on Berkshire Avenue.", "format": 5, "copyright_status": "unknown", "timestamp": "", "image_name": "20110209-hpicasc-0135.thumb.jpg", "collection": 3, "date_revised": "201108MM", "digitized_date": "5/2/2011 0:00:00", "address": "Berkshire Avenue", "date_added": "3/20/2012 13:13:43", "ordering_information": "http://www.library.pitt.edu/services/requests/photo.html", "rights": "http://www.library.pitt.edu/libraries/archives/policies/guidelines.html", "notes": "0135", "processing_status": "Online", "batch": 11, "identifier": "715.242302.CP", "image_number": "24-2302", "completed_by": "KM"}}, {"pk": 45, "model": "core.item", "fields": {"display_date": null, "creator": 4, "normalized_date": "1924-10-07", "scanning_status": "Scanned", "copyright_notes": null, "copyright_holder": null, "digital_notes": "", "subject": "", "title": "Berkshire Avenue", "digital_collection": 1, "location": 11, "date_digitized": "", "type": "image", "publication_status": "unknown", "description": "A view of Berkshire Avenue residences.", "format": 5, "copyright_status": "unknown", "timestamp": "", "image_name": "20110209-hpicasc-0136.thumb.jpg", "collection": 3, "date_revised": "201108MM", "digitized_date": "5/2/2011 0:00:00", "address": "Berkshire Avenue", "date_added": "3/20/2012 13:13:43", "ordering_information": "http://www.library.pitt.edu/services/requests/photo.html", "rights": "http://www.library.pitt.edu/libraries/archives/policies/guidelines.html", "notes": "0136", "processing_status": "Online", "batch": 11, "identifier": "715.242303.CP", "image_number": "24-2303", "completed_by": "KM"}}, {"pk": 46, "model": "core.item", "fields": {"display_date": null, "creator": 4, "normalized_date": "1924-10-07", "scanning_status": "Scanned", "copyright_notes": null, "copyright_holder": null, "digital_notes": "", "subject": "", "title": "Freedom Avenue", "digital_collection": 1, "location": 11, "date_digitized": "", "type": "image", "publication_status": "unknown", "description": "A view of Freedom Avenue showing a horse pulling a wagon loaded with stones.", "format": 5, "copyright_status": "unknown", "timestamp": "", "image_name": "20110209-hpicasc-0137.thumb.jpg", "collection": 3, "date_revised": "201108MM", "digitized_date": "5/2/2011 0:00:00", "address": "Freedom Avenue", "date_added": "3/20/2012 13:13:43", "ordering_information": "http://www.library.pitt.edu/services/requests/photo.html", "rights": "http://www.library.pitt.edu/libraries/archives/policies/guidelines.html", "notes": "0137", "processing_status": "Online", "batch": 11, "identifier": "715.242304.CP", "image_number": "24-2304", "completed_by": "KM"}}, {"pk": 47, "model": "core.item", "fields": {"display_date": null, "creator": 4, "normalized_date": "1924-10-07", "scanning_status": "Scanned", "copyright_notes": null, "copyright_holder": null, "digital_notes": "", "subject": "", "title": "Berkshire Avenue", "digital_collection": 1, "location": 11, "date_digitized": "", "type": "image", "publication_status": "unknown", "description": "A view of Berkshire Avenue showing a house under construction.", "format": 5, "copyright_status": "unknown", "timestamp": "", "image_name": "20110209-hpicasc-0138.thumb.jpg", "collection": 3, "date_revised": "201108MM", "digitized_date": "5/2/2011 0:00:00", "address": "Berkshire Avenue", "date_added": "3/20/2012 13:13:43", "ordering_information": "http://www.library.pitt.edu/services/requests/photo.html", "rights": "http://www.library.pitt.edu/libraries/archives/policies/guidelines.html", "notes": "0138", "processing_status": "Online", "batch": 11, "identifier": "715.242305.CP", "image_number": "24-2305", "completed_by": "KM"}}, {"pk": 48, "model": "core.item", "fields": {"display_date": null, "creator": 4, "normalized_date": "1924-10-07", "scanning_status": "Scanned", "copyright_notes": null, "copyright_holder": null, "digital_notes": "", "subject": "", "title": "Berkshire Avenue", "digital_collection": 1, "location": 11, "date_digitized": "", "type": "image", "publication_status": "unknown", "description": "View of a Berkshire Avenue house.", "format": 5, "copyright_status": "unknown", "timestamp": "", "image_name": "20110209-hpicasc-0144.thumb.jpg", "collection": 3, "date_revised": "201108MM", "digitized_date": "5/2/2011 0:00:00", "address": "Berkshire Avenue", "date_added": "3/20/2012 13:13:43", "ordering_information": "http://www.library.pitt.edu/services/requests/photo.html", "rights": "http://www.library.pitt.edu/libraries/archives/policies/guidelines.html", "notes": "0144", "processing_status": "Online", "batch": 11, "identifier": "715.242312.CP", "image_number": "24-2312", "completed_by": "KM"}}, {"pk": 49, "model": "core.item", "fields": {"display_date": null, "creator": 4, "normalized_date": "1924-11-14", "scanning_status": "Scanned", "copyright_notes": null, "copyright_holder": null, "digital_notes": "", "subject": "", "title": "Shaw Avenue", "digital_collection": 1, "location": 7, "date_digitized": "", "type": "image", "publication_status": "unknown", "description": "A view of Shaw Avenue homes.", "format": 5, "copyright_status": "unknown", "timestamp": "", "image_name": "20110209-hpicasc-0145.thumb.jpg", "collection": 3, "date_revised": "201108MM", "digitized_date": "5/2/2011 0:00:00", "address": "Shaw Avenue", "date_added": "3/20/2012 13:13:43", "ordering_information": "http://www.library.pitt.edu/services/requests/photo.html", "rights": "http://www.library.pitt.edu/libraries/archives/policies/guidelines.html", "notes": "0145", "processing_status": "Online", "batch": 11, "identifier": "715.242322.CP", "image_number": "24-2322", "completed_by": "KM"}}, {"pk": 50, "model": "core.item", "fields": {"display_date": null, "creator": 4, "normalized_date": "1934-06-20", "scanning_status": "Scanned", "copyright_notes": null, "copyright_holder": null, "digital_notes": "5.5MB, 600ppi, RGB,100%,Crop, Levels,Unsharp Mask", "subject": "Overbrook (Pittsburgh, Pa.); Library Road (Pittsburgh, Pa.); Saw Mill Run Garage (Pittsburgh, Pa.); Service stations--Pennsylvania--Pittsburgh.; Automobiles--Pennsylvania--Pittsburgh.; Blue collar workers--Pennsylvania--Pittsburgh.", "title": "Service Station", "digital_collection": 1, "location": 12, "date_digitized": "10-21-2004", "type": "image", "publication_status": "unknown", "description": "A man works on a car at the Saw Mill Run Garage on Library Road. The garage features an advertisement for Pennzoil.", "format": 8, "copyright_status": "unknown", "timestamp": "", "image_name": "3420551c.thumb.jpg", "collection": 3, "date_revised": "", "digitized_date": "10/21/2004 0:00:00", "address": "1904 Library Road", "date_added": "3/20/2012 13:13:43", "ordering_information": "http://www.library.pitt.edu/services/requests/photo.html", "rights": "http://www.library.pitt.edu/libraries/archives/policies/guidelines.html", "notes": "", "processing_status": "Online", "batch": 12, "identifier": "715.3420551.CP", "image_number": "34-20551", "completed_by": ""}}, {"pk": 1, "model": "core.file", "fields": {"use": "MASTER", "name": "200606.81.3.2.tif", "timestamp": "2013-02-08 11:09:58", "size_bytes": null, "path": "200606.81.3.2\\200606.81.3.2.tif", "mime_type": "IMAGE_TIFF"}}, {"pk": 2, "model": "core.file", "fields": {"use": "MASTER", "name": "200606.81.3.4.tif", "timestamp": "2013-02-08 11:09:59", "size_bytes": null, "path": "200606.81.3.4\\200606.81.3.4.tif", "mime_type": "IMAGE_TIFF"}}, {"pk": 3, "model": "core.file", "fields": {"use": "MASTER", "name": "200606.81.5.tif", "timestamp": "2013-02-08 11:09:59", "size_bytes": null, "path": "200606.81.5\\200606.81.5.tif", "mime_type": "IMAGE_TIFF"}}, {"pk": 4, "model": "core.file", "fields": {"use": "MASTER", "name": "200606.82.11.1.tif", "timestamp": "2013-02-08 11:09:59", "size_bytes": null, "path": "200606.82.11.1\\200606.82.11.1.tif", "mime_type": "IMAGE_TIFF"}}, {"pk": 5, "model": "core.file", "fields": {"use": "MASTER", "name": "200606.82.11.2.tif", "timestamp": "2013-02-08 11:09:59", "size_bytes": null, "path": "200606.82.11.2\\200606.82.11.2.tif", "mime_type": "IMAGE_TIFF"}}, {"pk": 6, "model": "core.file", "fields": {"use": "MASTER", "name": "200606.82.11.3.tif", "timestamp": "2013-02-08 11:09:59", "size_bytes": null, "path": "200606.82.11.3\\200606.82.11.3.tif", "mime_type": "IMAGE_TIFF"}}, {"pk": 7, "model": "core.file", "fields": {"use": "MASTER", "name": "200606.82.11.4.tif", "timestamp": "2013-02-08 11:09:59", "size_bytes": null, "path": "200606.82.11.4\\200606.82.11.4.tif", "mime_type": "IMAGE_TIFF"}}, {"pk": 8, "model": "core.file", "fields": {"use": "MASTER", "name": "200606.82.11.5.tif", "timestamp": "2013-02-08 11:09:59", "size_bytes": null, "path": "200606.82.11.5\\200606.82.11.5.tif", "mime_type": "IMAGE_TIFF"}}, {"pk": 9, "model": "core.file", "fields": {"use": "MASTER", "name": "200606.82.11.6.tif", "timestamp": "2013-02-08 11:09:59", "size_bytes": null, "path": "200606.82.11.6\\200606.82.11.6.tif", "mime_type": "IMAGE_TIFF"}}, {"pk": 10, "model": "core.file", "fields": {"use": "MASTER", "name": "0246ka.tif", "timestamp": "2013-02-08 11:09:59", "size_bytes": null, "path": "705.0246KA\\0246ka.tif", "mime_type": "IMAGE_TIFF"}}, {"pk": 11, "model": "core.file", "fields": {"use": "MASTER", "name": "0250ka.tif", "timestamp": "2013-02-08 11:09:59", "size_bytes": null, "path": "705.0250KA\\0250ka.tif", "mime_type": "IMAGE_TIFF"}}, {"pk": 12, "model": "core.file", "fields": {"use": "MASTER", "name": "0255ka.tif", "timestamp": "2013-02-08 11:09:59", "size_bytes": null, "path": "705.0255.KA\\0255ka.tif", "mime_type": "IMAGE_TIFF"}}, {"pk": 13, "model": "core.file", "fields": {"use": "MASTER", "name": "0257ka.tif", "timestamp": "2013-02-08 11:09:59", "size_bytes": null, "path": "705.0257.KA\\0257ka.tif", "mime_type": "IMAGE_TIFF"}}, {"pk": 14, "model": "core.file", "fields": {"use": "MASTER", "name": "0260ka.tif", "timestamp": "2013-02-08 11:09:59", "size_bytes": null, "path": "705.0260.KA\\0260ka.tif", "mime_type": "IMAGE_TIFF"}}, {"pk": 15, "model": "core.file", "fields": {"use": "MASTER", "name": "0262ka.tif", "timestamp": "2013-02-08 11:09:59", "size_bytes": null, "path": "705.0262.KA\\0262ka.tif", "mime_type": "IMAGE_TIFF"}}, {"pk": 16, "model": "core.file", "fields": {"use": "MASTER", "name": "0263ka.tif", "timestamp": "2013-02-08 11:09:59", "size_bytes": null, "path": "705.0263.KA\\0263ka.tif", "mime_type": "IMAGE_TIFF"}}, {"pk": 17, "model": "core.file", "fields": {"use": "MASTER", "name": "0265ka.tif", "timestamp": "2013-02-08 11:09:59", "size_bytes": null, "path": "705.0265.KA\\0265ka.tif", "mime_type": "IMAGE_TIFF"}}, {"pk": 18, "model": "core.file", "fields": {"use": "MASTER", "name": "02a03ka.tif", "timestamp": "2013-02-08 11:09:59", "size_bytes": null, "path": "705.02A03.KA\\02a03ka.tif", "mime_type": "IMAGE_TIFF"}}, {"pk": 19, "model": "core.file", "fields": {"use": "MASTER", "name": "0301ka.tif", "timestamp": "2013-02-08 11:09:59", "size_bytes": null, "path": "705.0301.KA\\0301ka.tif", "mime_type": "IMAGE_TIFF"}}, {"pk": 20, "model": "core.file", "fields": {"use": "MASTER", "name": "0308ka.tif", "timestamp": "2013-02-08 11:09:59", "size_bytes": null, "path": "705.0308.KA\\0308ka.tif", "mime_type": "IMAGE_TIFF"}}, {"pk": 21, "model": "core.file", "fields": {"use": "MASTER", "name": "20090313-cp-0072.tif", "timestamp": "2013-02-08 11:09:59", "size_bytes": null, "path": "715.08696.CP\\20090313-cp-0072.tif", "mime_type": "IMAGE_TIFF"}}, {"pk": 22, "model": "core.file", "fields": {"use": "MASTER", "name": "20090313-cp-0073.tif", "timestamp": "2013-02-08 11:09:59", "size_bytes": null, "path": "715.08698.CP\\20090313-cp-0073.tif", "mime_type": "IMAGE_TIFF"}}, {"pk": 23, "model": "core.file", "fields": {"use": "MASTER", "name": "20090313-cp-0074.tif", "timestamp": "2013-02-08 11:09:59", "size_bytes": null, "path": "715.08699.CP\\20090313-cp-0074.tif", "mime_type": "IMAGE_TIFF"}}, {"pk": 24, "model": "core.file", "fields": {"use": "MASTER", "name": "20090313-cp-0075.tif", "timestamp": "2013-02-08 11:09:59", "size_bytes": null, "path": "715.08700.CP\\20090313-cp-0075.tif", "mime_type": "IMAGE_TIFF"}}, {"pk": 25, "model": "core.file", "fields": {"use": "MASTER", "name": "20090313-cp-0076.tif", "timestamp": "2013-02-08 11:09:59", "size_bytes": null, "path": "715.08701.CP\\20090313-cp-0076.tif", "mime_type": "IMAGE_TIFF"}}, {"pk": 26, "model": "core.file", "fields": {"use": "MASTER", "name": "20090313-cp-0077.tif", "timestamp": "2013-02-08 11:09:59", "size_bytes": null, "path": "715.08702.CP\\20090313-cp-0077.tif", "mime_type": "IMAGE_TIFF"}}, {"pk": 27, "model": "core.file", "fields": {"use": "MASTER", "name": "20090313-cp-0078.tif", "timestamp": "2013-02-08 11:09:59", "size_bytes": null, "path": "715.08703.CP\\20090313-cp-0078.tif", "mime_type": "IMAGE_TIFF"}}, {"pk": 28, "model": "core.file", "fields": {"use": "MASTER", "name": "08704cp.tif", "timestamp": "2013-02-08 11:09:59", "size_bytes": null, "path": "715.08704.CP\\08704cp.tif", "mime_type": "IMAGE_TIFF"}}, {"pk": 29, "model": "core.file", "fields": {"use": "MASTER", "name": "20090313-cp-0080.tif", "timestamp": "2013-02-08 11:09:59", "size_bytes": null, "path": "715.08705.CP\\20090313-cp-0080.tif", "mime_type": "IMAGE_TIFF"}}, {"pk": 30, "model": "core.file", "fields": {"use": "MASTER", "name": "112492cp.tif", "timestamp": "2013-02-08 11:09:59", "size_bytes": null, "path": "715.112492.CP\\112492cp.tif", "mime_type": "IMAGE_TIFF"}}, {"pk": 31, "model": "core.file", "fields": {"use": "MASTER", "name": "20090624-cp-0094.tif", "timestamp": "2013-02-08 11:09:59", "size_bytes": null, "path": "715.112493.CP\\20090624-cp-0094.tif", "mime_type": "IMAGE_TIFF"}}, {"pk": 32, "model": "core.file", "fields": {"use": "MASTER", "name": "20120111-hpicasc-0157.tif", "timestamp": "2013-02-08 11:09:59", "size_bytes": null, "path": "715.112640.CP\\20120111-hpicasc-0157.tif", "mime_type": "IMAGE_TIFF"}}, {"pk": 33, "model": "core.file", "fields": {"use": "MASTER", "name": "20090914-cp-0425.tif", "timestamp": "2013-02-08 11:09:59", "size_bytes": null, "path": "715.133312.CP\\20090914-cp-0425.tif", "mime_type": "IMAGE_TIFF"}}, {"pk": 34, "model": "core.file", "fields": {"use": "MASTER", "name": "20090914-cp-0426.tif", "timestamp": "2013-02-08 11:09:59", "size_bytes": null, "path": "715.133313.CP\\20090914-cp-0426.tif", "mime_type": "IMAGE_TIFF"}}, {"pk": 35, "model": "core.file", "fields": {"use": "MASTER", "name": "20090914-cp-0427.tif", "timestamp": "2013-02-08 11:09:59", "size_bytes": null, "path": "715.133314.CP\\20090914-cp-0427.tif", "mime_type": "IMAGE_TIFF"}}, {"pk": 36, "model": "core.file", "fields": {"use": "MASTER", "name": "20090914-cp-0428.tif", "timestamp": "2013-02-08 11:09:59", "size_bytes": null, "path": "715.133315.CP\\20090914-cp-0428.tif", "mime_type": "IMAGE_TIFF"}}, {"pk": 37, "model": "core.file", "fields": {"use": "MASTER", "name": "20090914-cp-0429.tif", "timestamp": "2013-02-08 11:09:59", "size_bytes": null, "path": "715.133316.CP\\20090914-cp-0429.tif", "mime_type": "IMAGE_TIFF"}}, {"pk": 38, "model": "core.file", "fields": {"use": "MASTER", "name": "20090914-cp-0430.tif", "timestamp": "2013-02-08 11:09:59", "size_bytes": null, "path": "715.133317.CP\\20090914-cp-0430.tif", "mime_type": "IMAGE_TIFF"}}, {"pk": 39, "model": "core.file", "fields": {"use": "MASTER", "name": "20090914-cp-0431.tif", "timestamp": "2013-02-08 11:09:59", "size_bytes": null, "path": "715.133318.CP\\20090914-cp-0431.tif", "mime_type": "IMAGE_TIFF"}}, {"pk": 40, "model": "core.file", "fields": {"use": "MASTER", "name": "20091020-cp-0152.tif", "timestamp": "2013-02-08 11:09:59", "size_bytes": null, "path": "715.133318A.CP\\20091020-cp-0152.tif", "mime_type": "IMAGE_TIFF"}}, {"pk": 41, "model": "core.file", "fields": {"use": "MASTER", "name": "20090914-cp-0432.tif", "timestamp": "2013-02-08 11:09:59", "size_bytes": null, "path": "715.133319.CP\\20090914-cp-0432.tif", "mime_type": "IMAGE_TIFF"}}, {"pk": 42, "model": "core.file", "fields": {"use": "MASTER", "name": "20091020-cp-0153.tif", "timestamp": "2013-02-08 11:09:59", "size_bytes": null, "path": "715.133319A.CP\\20091020-cp-0153.tif", "mime_type": "IMAGE_TIFF"}}, {"pk": 43, "model": "core.file", "fields": {"use": "MASTER", "name": "20090914-cp-0433.tif", "timestamp": "2013-02-08 11:09:59", "size_bytes": null, "path": "715.133320.CP\\20090914-cp-0433.tif", "mime_type": "IMAGE_TIFF"}}, {"pk": 44, "model": "core.file", "fields": {"use": "MASTER", "name": "20110209-hpicasc-0135.tif", "timestamp": "2013-02-08 11:09:59", "size_bytes": null, "path": "715.242302.CP\\20110209-hpicasc-0135.tif", "mime_type": "IMAGE_TIFF"}}, {"pk": 45, "model": "core.file", "fields": {"use": "MASTER", "name": "20110209-hpicasc-0136.tif", "timestamp": "2013-02-08 11:09:59", "size_bytes": null, "path": "715.242303.CP\\20110209-hpicasc-0136.tif", "mime_type": "IMAGE_TIFF"}}, {"pk": 46, "model": "core.file", "fields": {"use": "MASTER", "name": "20110209-hpicasc-0137.tif", "timestamp": "2013-02-08 11:09:59", "size_bytes": null, "path": "715.242304.CP\\20110209-hpicasc-0137.tif", "mime_type": "IMAGE_TIFF"}}, {"pk": 47, "model": "core.file", "fields": {"use": "MASTER", "name": "20110209-hpicasc-0138.tif", "timestamp": "2013-02-08 11:09:59", "size_bytes": null, "path": "715.242305.CP\\20110209-hpicasc-0138.tif", "mime_type": "IMAGE_TIFF"}}, {"pk": 48, "model": "core.file", "fields": {"use": "MASTER", "name": "20110209-hpicasc-0144.tif", "timestamp": "2013-02-08 11:09:59", "size_bytes": null, "path": "715.242312.CP\\20110209-hpicasc-0144.tif", "mime_type": "IMAGE_TIFF"}}, {"pk": 49, "model": "core.file", "fields": {"use": "MASTER", "name": "20110209-hpicasc-0145.tif", "timestamp": "2013-02-08 11:09:59", "size_bytes": null, "path": "715.242322.CP\\20110209-hpicasc-0145.tif", "mime_type": "IMAGE_TIFF"}}, {"pk": 50, "model": "core.file", "fields": {"use": "MASTER", "name": "3420551c.tif", "timestamp": "2013-02-08 11:09:59", "size_bytes": null, "path": "715.3420551.CP\\3420551c.tif", "mime_type": "IMAGE_TIFF"}}, {"pk": 1, "model": "core.image_item_file", "fields": {"image_item": 1}}, {"pk": 2, "model": "core.image_item_file", "fields": {"image_item": 2}}, {"pk": 3, "model": "core.image_item_file", "fields": {"image_item": 3}}, {"pk": 4, "model": "core.image_item_file", "fields": {"image_item": 4}}, {"pk": 5, "model": "core.image_item_file", "fields": {"image_item": 5}}, {"pk": 6, "model": "core.image_item_file", "fields": {"image_item": 6}}, {"pk": 7, "model": "core.image_item_file", "fields": {"image_item": 7}}, {"pk": 8, "model": "core.image_item_file", "fields": {"image_item": 8}}, {"pk": 9, "model": "core.image_item_file", "fields": {"image_item": 9}}, {"pk": 10, "model": "core.image_item_file", "fields": {"image_item": 10}}, {"pk": 11, "model": "core.image_item_file", "fields": {"image_item": 11}}, {"pk": 12, "model": "core.image_item_file", "fields": {"image_item": 12}}, {"pk": 13, "model": "core.image_item_file", "fields": {"image_item": 13}}, {"pk": 14, "model": "core.image_item_file", "fields": {"image_item": 14}}, {"pk": 15, "model": "core.image_item_file", "fields": {"image_item": 15}}, {"pk": 16, "model": "core.image_item_file", "fields": {"image_item": 16}}, {"pk": 17, "model": "core.image_item_file", "fields": {"image_item": 17}}, {"pk": 18, "model": "core.image_item_file", "fields": {"image_item": 18}}, {"pk": 19, "model": "core.image_item_file", "fields": {"image_item": 19}}, {"pk": 20, "model": "core.image_item_file", "fields": {"image_item": 20}}, {"pk": 21, "model": "core.image_item_file", "fields": {"image_item": 21}}, {"pk": 22, "model": "core.image_item_file", "fields": {"image_item": 22}}, {"pk": 23, "model": "core.image_item_file", "fields": {"image_item": 23}}, {"pk": 24, "model": "core.image_item_file", "fields": {"image_item": 24}}, {"pk": 25, "model": "core.image_item_file", "fields": {"image_item": 25}}, {"pk": 26, "model": "core.image_item_file", "fields": {"image_item": 26}}, {"pk": 27, "model": "core.image_item_file", "fields": {"image_item": 27}}, {"pk": 28, "model": "core.image_item_file", "fields": {"image_item": 28}}, {"pk": 29, "model": "core.image_item_file", "fields": {"image_item": 29}}, {"pk": 30, "model": "core.image_item_file", "fields": {"image_item": 30}}, {"pk": 31, "model": "core.image_item_file", "fields": {"image_item": 31}}, {"pk": 32, "model": "core.image_item_file", "fields": {"image_item": 32}}, {"pk": 33, "model": "core.image_item_file", "fields": {"image_item": 33}}, {"pk": 34, "model": "core.image_item_file", "fields": {"image_item": 34}}, {"pk": 35, "model": "core.image_item_file", "fields": {"image_item": 35}}, {"pk": 36, "model": "core.image_item_file", "fields": {"image_item": 36}}, {"pk": 37, "model": "core.image_item_file", "fields": {"image_item": 37}}, {"pk": 38, "model": "core.image_item_file", "fields": {"image_item": 38}}, {"pk": 39, "model": "core.image_item_file", "fields": {"image_item": 39}}, {"pk": 40, "model": "core.image_item_file", "fields": {"image_item": 40}}, {"pk": 41, "model": "core.image_item_file", "fields": {"image_item": 41}}, {"pk": 42, "model": "core.image_item_file", "fields": {"image_item": 42}}, {"pk": 43, "model": "core.image_item_file", "fields": {"image_item": 43}}, {"pk": 44, "model": "core.image_item_file", "fields": {"image_item": 44}}, {"pk": 45, "model": "core.image_item_file", "fields": {"image_item": 45}}, {"pk": 46, "model": "core.image_item_file", "fields": {"image_item": 46}}, {"pk": 47, "model": "core.image_item_file", "fields": {"image_item": 47}}, {"pk": 48, "model": "core.image_item_file", "fields": {"image_item": 48}}, {"pk": 49, "model": "core.image_item_file", "fields": {"image_item": 49}}, {"pk": 50, "model": "core.image_item_file", "fields": {"image_item": 50}}]
